[
   {
      "command": "\/bin\/su",
      "commandargs": " ${DB_ADMIN_USERNAME} -c \/tmp\/createTradeDBTables\/createTradeDBTables.sh",
      "description": "This script package creates a database in a DB2 instance",
      "execmode": 0,
      "filename": "createTradeDBTables.zip",
      "keys": [
         {
            "locked": false,
            "required": true,
            "scriptdefaultvalue": "db2inst1",
            "scriptkey": "DB_ADMIN_USERNAME",
            "scriptvalue": "db2inst1"
         },
         {
            "locked": false,
            "required": true,
            "scriptdefaultvalue": "tradedb",
            "scriptkey": "DATABASE_NAME",
            "scriptvalue": "tradedb"
         }
      ],
      "location": "\/tmp\/createTradeDBTables",
      "log": "\/tmp\/createTradeDBTables",
      "name": "Create tables for Daytrader",
      "ostype": "linux\/unix",
      "timeout": 0,
      "type": "APPLICATION",
      "version": "1.0.0"
   }
]